{"cameraMode":{"drawMode":0,"name":"Shaded","section":"Shading Mode"},"sceneLighting":true,"audioPlay":false,"sceneViewState":{"showFog":true,"showMaterialUpdate":false,"showSkybox":true,"showFlares":true,"showImageEffects":true,"showParticleSystems":true},"in2DMode":false,"pivot":{"x":9.866168022155762,"y":-1.2062931060791016,"z":14.258342742919922},"rotation":{"x":0.19303222000598908,"y":0.10134568810462952,"z":-0.020049553364515306,"w":0.975738525390625},"size":42.55609130859375,"orthographic":false}