{"cameraMode":{"drawMode":0,"name":"Shaded","section":"Shading Mode"},"sceneLighting":false,"audioPlay":false,"sceneViewState":{"showFog":true,"showMaterialUpdate":false,"showSkybox":false,"showFlares":true,"showImageEffects":true,"showParticleSystems":true},"in2DMode":false,"pivot":{"x":0.47045159339904787,"y":1.1284558773040772,"z":-0.3593747615814209},"rotation":{"x":0.08499959856271744,"y":0.9014200568199158,"z":-0.20660705864429475,"w":0.370851069688797},"size":6.591596603393555,"orthographic":false}