{"cameraMode":{"drawMode":0,"name":"Shaded","section":"Shading Mode"},"sceneLighting":true,"audioPlay":false,"sceneViewState":{"showFog":true,"showMaterialUpdate":false,"showSkybox":true,"showFlares":true,"showImageEffects":true,"showParticleSystems":true},"in2DMode":false,"pivot":{"x":28.274574279785158,"y":5.733418941497803,"z":5.253148555755615},"rotation":{"x":-0.034013066440820697,"y":-0.21183903515338899,"z":0.007377389818429947,"w":-0.9766846895217896},"size":11.36055850982666,"orthographic":false}